<?xml version="1.0" encoding="UTF-8"?>
<configuration>
    <appender name="CONSOLE" class="ch.qos.logback.core.ConsoleAppender">
        <encoder>
            <charset>UTF-8</charset>
            <pattern>%d{yyyy-MM-dd HH:mm:ss.SSS} [%thread] %-5level %logger{36} - %msg%n</pattern>
        </encoder>
    </appender>

    <appender name="FILE" class="ch.qos.logback.core.rolling.RollingFileAppender">
        <encoder class="ch.qos.logback.classic.encoder.PatternLayoutEncoder">
            <charset>UTF-8</charset>
            <Pattern>%d{yyyy-MM-dd HH:mm:ss.SSS} [%thread] %-5level %logger{36} - %msg%n</Pattern>
        </encoder>
        <rollingPolicy class="ch.qos.logback.core.rolling.TimeBasedRollingPolicy">
            <!-- file location on linux -->

            <FileNamePattern>${user.home}/micro/logs/appointment-service\%d{yyyy_MM_dd}_appo.log.gz</FileNamePattern>

            <!-- file location on windows os -->
            <!--	  	<FileNamePattern>C:\\Users\\Administrator\\micro\\logs\\appointment-service\\%d{yyyy_MM_dd}_appo.log.gz</FileNamePattern>  -->
        </rollingPolicy>
    </appender>
    <!-- Uncomment to enable debug level log of hibernate -->
    <!--logger name="org.hibernate" level="DEBUG" additivity="false">
        <appender-ref ref="CONSOLE" />
        <appender-ref ref="FILE" />
    </logger-->
    <logger name="com.adp" level="DEBUG" additivity="false">
        <appender-ref ref="CONSOLE"/>
        <appender-ref ref="FILE"/>
    </logger>
    <logger name="com.john.appo" level="DEBUG" additivity="false">
        <appender-ref ref="CONSOLE"/>
    </logger>
    <root level="INFO">
        <appender-ref ref="CONSOLE"/>
        <appender-ref ref="FILE"/>
    </root>
</configuration>